"Time (s)","Distance (cm)"
0.000000000E0,5.000000000E0
2.379433036E0,0.000000000E0
2.543653011E0,5.000000000E0