"Time (s)","Distance (cm)"
0.000000000E0,5.000000000E0
2.909583926E0,0.000000000E0
3.076502919E0,5.000000000E0