"Time (s)","Distance (cm)"
0.000000000E0,5.000000000E0
5.293346047E0,0.000000000E0
5.468360066E0,5.000000000E0