"Time (s)","Distance (cm)"
0.000000000E0,5.000000000E0
1.722295046E0,0.000000000E0
2.091011047E0,5.000000000E0