"Time (s)","Distance (cm)"
0.000000000E0,5.000000000E0
8.003695011E0,0.000000000E0
8.190297008E0,5.000000000E0