"Time (s)","Distance (cm)"
0.000000000E0,5.000000000E0
9.739983082E0,0.000000000E0
9.873265028E0,5.000000000E0