"Time (s)","Distance (cm)"
0.000000000E0,5.000000000E0
9.012265921E0,0.000000000E0
9.105902910E0,5.000000000E0