"Time (s)","Distance (cm)"
0.000000000E0,5.000000000E0
8.822016954E0,0.000000000E0
9.253929019E0,5.000000000E0