"Time (s)","Distance (cm)"
0.000000000E0,5.000000000E0
2.022122979E0,0.000000000E0
2.248481989E0,5.000000000E0