"Time (s)","Distance (cm)"
0.000000000E0,5.000000000E0
2.363062024E0,0.000000000E0
2.548081994E0,5.000000000E0