"Time (s)","Distance (cm)"
0.000000000E0,5.000000000E0
1.924311996E0,0.000000000E0
2.158599973E0,5.000000000E0