"Time (s)","Distance (cm)"
0.000000000E0,5.000000000E0
2.483963966E0,0.000000000E0
2.717361927E0,5.000000000E0