"Time (s)","Distance (cm)"
0.000000000E0,5.000000000E0
7.870689988E0,0.000000000E0
8.007268906E0,5.000000000E0