"Time (s)","Distance (cm)"
0.000000000E0,5.000000000E0
3.436087966E0,0.000000000E0
3.679437041E0,5.000000000E0