"Time (s)","Distance (cm)"
0.000000000E0,5.000000000E0
1.976259112E0,0.000000000E0
2.220991015E0,5.000000000E0