"Time (s)","Distance (cm)"
0.000000000E0,5.000000000E0
7.923694015E0,0.000000000E0
8.123948097E0,5.000000000E0
9.739191055E0,0.000000000E0
9.839447021E0,5.000000000E0