"Time (s)","Distance (cm)"
0.000000000E0,5.000000000E0
5.710505009E0,0.000000000E0
5.901262999E0,5.000000000E0