"Time (s)","Distance (cm)"
0.000000000E0,5.000000000E0
3.668144941E0,0.000000000E0
3.848398924E0,5.000000000E0