"Time (s)","Distance (cm)"
0.000000000E0,5.000000000E0
5.452831030E0,0.000000000E0
5.831901073E0,5.000000000E0