"Time (s)","Distance (cm)"
0.000000000E0,5.000000000E0
2.042752028E0,0.000000000E0
2.190613985E0,5.000000000E0
3.520127058E0,0.000000000E0
3.669903994E0,5.000000000E0