"Time (s)","Distance (cm)"
0.000000000E0,5.000000000E0
4.815762997E0,0.000000000E0
5.003592014E0,5.000000000E0