"Time (s)","Distance (cm)"
0.000000000E0,5.000000000E0
3.878437042E0,0.000000000E0
4.041942000E0,5.000000000E0