"Time (s)","Distance (cm)"
0.000000000E0,5.000000000E0
1.296619999E1,0.000000000E0
1.306867301E1,5.000000000E0