"Time (s)","Distance (cm)"
0.000000000E0,5.000000000E0
8.045416951E0,0.000000000E0
8.160688996E0,5.000000000E0