"Time (s)","Distance (cm)"
0.000000000E0,5.000000000E0
3.181298018E0,0.000000000E0
3.296991110E0,5.000000000E0