"Time (s)","Distance (cm)"
0.000000000E0,5.000000000E0
2.564332008E0,0.000000000E0
2.688331008E0,5.000000000E0