"Time (s)","Distance (cm)"
0.000000000E0,5.000000000E0
1.210560501E1,0.000000000E0
1.238095105E1,5.000000000E0