"Time (s)","Distance (cm)"
0.000000000E0,5.000000000E0
4.470638990E0,0.000000000E0
4.617422938E0,5.000000000E0