"Time (s)","Distance (cm)"
0.000000000E0,5.000000000E0
2.707313061E0,0.000000000E0
2.844081044E0,5.000000000E0