"Time (s)","Distance (cm)"
0.000000000E0,5.000000000E0
2.535385013E0,0.000000000E0
2.742918968E0,5.000000000E0