"Time (s)","Distance (cm)"
0.000000000E0,5.000000000E0
1.881134987E0,0.000000000E0
2.074442029E0,5.000000000E0