"Time (s)","Distance (cm)"
0.000000000E0,5.000000000E0
1.348498797E1,0.000000000E0
1.367674696E1,5.000000000E0