"Time (s)","Distance (cm)"
0.000000000E0,5.000000000E0
1.779764056E0,0.000000000E0
2.042482972E0,5.000000000E0