"Time (s)","Distance (cm)"
0.000000000E0,5.000000000E0
3.653685927E0,0.000000000E0
3.821255922E0,5.000000000E0