"Time (s)","Distance (cm)"
0.000000000E0,5.000000000E0
3.826122046E0,0.000000000E0
3.960914969E0,5.000000000E0