"Time (s)","Distance (cm)"
0.000000000E0,5.000000000E0
4.952659011E0,0.000000000E0
4.995592952E0,5.000000000E0