"Time (s)","Distance (cm)"
0.000000000E0,5.000000000E0
5.317039967E0,0.000000000E0
5.460821033E0,5.000000000E0