"Time (s)","Distance (cm)"
0.000000000E0,5.000000000E0
1.721215010E0,0.000000000E0
1.802909017E0,5.000000000E0