"Time (s)","Distance (cm)"
0.000000000E0,5.000000000E0
6.782339096E0,0.000000000E0
6.915713072E0,5.000000000E0