"Time (s)","Distance (cm)"
0.000000000E0,5.000000000E0
8.591464996E0,0.000000000E0
8.769598007E0,5.000000000E0