"Time (s)","Distance (cm)"
0.000000000E0,5.000000000E0
1.782217026E0,0.000000000E0
1.897526979E0,5.000000000E0