"Time (s)","Distance (cm)"
0.000000000E0,5.000000000E0
2.294543028E0,0.000000000E0
2.585762024E0,5.000000000E0