"Time (s)","Distance (cm)"
0.000000000E0,5.000000000E0
2.280733943E0,0.000000000E0
2.464612007E0,5.000000000E0