"Time (s)","Distance (cm)"
0.000000000E0,5.000000000E0
2.176795006E0,0.000000000E0
2.294931054E0,5.000000000E0