"Time (s)","Distance (cm)"
0.000000000E0,5.000000000E0
5.446115971E0,0.000000000E0
5.581758976E0,5.000000000E0