"Time (s)","Distance (cm)"
0.000000000E0,5.000000000E0
1.917608976E-1,0.000000000E0
4.115109444E-1,5.000000000E0
8.466519117E-1,0.000000000E0
7.993855000E0,5.000000000E0