"Time (s)","Distance (cm)"
0.000000000E0,5.000000000E0
1.833296061E0,0.000000000E0
1.977699995E0,5.000000000E0
2.784091949E0,0.000000000E0
2.981629968E0,5.000000000E0