"Time (s)","Distance (cm)"
0.000000000E0,5.000000000E0
8.903316021E0,0.000000000E0
9.122543097E0,5.000000000E0