"Time (s)","Distance (cm)"
0.000000000E0,5.000000000E0
5.316908002E0,0.000000000E0
5.471033096E0,5.000000000E0