"Time (s)","Distance (cm)"
0.000000000E0,5.000000000E0
4.590911031E0,0.000000000E0
4.771563053E0,5.000000000E0