"Time (s)","Distance (cm)"
0.000000000E0,5.000000000E0
2.638615012E0,0.000000000E0
2.872547984E0,5.000000000E0