"Time (s)","Distance (cm)"
0.000000000E0,5.000000000E0
2.316447973E0,0.000000000E0
2.449699998E0,5.000000000E0