"Time (s)","Distance (cm)"
0.000000000E0,5.000000000E0
5.011178017E0,0.000000000E0
5.257856965E0,5.000000000E0