"Time (s)","Distance (cm)"
0.000000000E0,5.000000000E0
2.307086945E0,0.000000000E0
2.450541973E0,5.000000000E0