"Time (s)","Distance (cm)"
0.000000000E0,5.000000000E0
7.875442982E0,0.000000000E0
8.089917064E0,5.000000000E0