"Time (s)","Distance (cm)"
0.000000000E0,5.000000000E0
2.902745008E0,0.000000000E0
3.081241012E0,5.000000000E0