"Time (s)","Distance (cm)"
0.000000000E0,5.000000000E0
4.001899958E-1,0.000000000E0
8.118185043E0,5.000000000E0