"Time (s)","Distance (cm)"
0.000000000E0,5.000000000E0
7.095281005E0,0.000000000E0
7.270272970E0,5.000000000E0