"Time (s)","Distance (cm)"
0.000000000E0,5.000000000E0
5.016116977E0,0.000000000E0
5.312163949E0,5.000000000E0