"Time (s)","Distance (cm)"
0.000000000E0,5.000000000E0
6.464302063E0,0.000000000E0
6.761146069E0,5.000000000E0