"Time (s)","Distance (cm)"
0.000000000E0,5.000000000E0
4.725465059E0,0.000000000E0
4.959123015E0,5.000000000E0