"Time (s)","Distance (cm)"
0.000000000E0,5.000000000E0
2.065660000E0,0.000000000E0
2.198105931E0,5.000000000E0