"Time (s)","Distance (cm)"
0.000000000E0,5.000000000E0
4.145903945E0,0.000000000E0
4.272302985E0,5.000000000E0