"Time (s)","Distance (cm)"
0.000000000E0,5.000000000E0
2.339081049E0,0.000000000E0
2.501973987E0,5.000000000E0