"Time (s)","Distance (cm)"
0.000000000E0,5.000000000E0
2.739252925E0,0.000000000E0
2.978065014E0,5.000000000E0