"Time (s)","Distance (cm)"
0.000000000E0,5.000000000E0
3.107291102E0,0.000000000E0
3.297133088E0,5.000000000E0