"Time (s)","Distance (cm)"
0.000000000E0,5.000000000E0
3.068917990E0,0.000000000E0
3.214954019E0,5.000000000E0