"Time (s)","Distance (cm)"
0.000000000E0,5.000000000E0
2.512727022E0,0.000000000E0
2.681003928E0,5.000000000E0