"Time (s)","Distance (cm)"
0.000000000E0,5.000000000E0
7.633486986E0,0.000000000E0
7.823516011E0,5.000000000E0