"Time (s)","Distance (cm)"
0.000000000E0,5.000000000E0
2.278856993E0,0.000000000E0
2.389943957E0,5.000000000E0