"Time (s)","Distance (cm)"
0.000000000E0,5.000000000E0
1.837579966E0,0.000000000E0
2.020244002E0,5.000000000E0
3.104959965E0,0.000000000E0
3.253898025E0,5.000000000E0