"Time (s)","Distance (cm)"
0.000000000E0,5.000000000E0
4.226745963E0,0.000000000E0
4.355203986E0,5.000000000E0