"Time (s)","Distance (cm)"
0.000000000E0,5.000000000E0
4.328873992E0,0.000000000E0
4.529093981E0,5.000000000E0