"Time (s)","Distance (cm)"
0.000000000E0,5.000000000E0
2.699505091E0,0.000000000E0
2.829510093E0,5.000000000E0