"Time (s)","Distance (cm)"
0.000000000E0,5.000000000E0
2.776136994E0,0.000000000E0
3.009066939E0,5.000000000E0