"Time (s)","Distance (cm)"
0.000000000E0,5.000000000E0
2.028638959E0,0.000000000E0
2.205250025E0,5.000000000E0