"Time (s)","Distance (cm)"
0.000000000E0,5.000000000E0
3.090973020E0,0.000000000E0
3.375901937E0,5.000000000E0