"Time (s)","Distance (cm)"
0.000000000E0,5.000000000E0
3.918986917E0,0.000000000E0
4.093861938E0,5.000000000E0