"Time (s)","Distance (cm)"
0.000000000E0,5.000000000E0
3.012923956E0,0.000000000E0
3.248734951E0,5.000000000E0