"Time (s)","Distance (cm)"
0.000000000E0,5.000000000E0
5.471015096E0,0.000000000E0
5.744572043E0,5.000000000E0