"Time (s)","Distance (cm)"
0.000000000E0,5.000000000E0
2.424623013E0,0.000000000E0
2.536316037E0,5.000000000E0