"Time (s)","Distance (cm)"
0.000000000E0,5.000000000E0
4.324196935E0,0.000000000E0
4.509078979E0,5.000000000E0