"Time (s)","Distance (cm)"
0.000000000E0,5.000000000E0
2.544031978E0,0.000000000E0
2.792261004E0,5.000000000E0