"Time (s)","Distance (cm)"
0.000000000E0,5.000000000E0
2.753239036E0,0.000000000E0
2.861528039E0,5.000000000E0