"Time (s)","Distance (cm)"
0.000000000E0,5.000000000E0
3.258113980E0,0.000000000E0
3.384054065E0,5.000000000E0