"Time (s)","Distance (cm)"
0.000000000E0,5.000000000E0
7.074212074E0,0.000000000E0
7.256227016E0,5.000000000E0