"Time (s)","Distance (cm)"
0.000000000E0,5.000000000E0
5.336750984E0,0.000000000E0
5.425328016E0,5.000000000E0