"Time (s)","Distance (cm)"
0.000000000E0,5.000000000E0
2.060846090E0,0.000000000E0
2.310729027E0,5.000000000E0