"Time (s)","Distance (cm)"
0.000000000E0,5.000000000E0
3.377365947E0,0.000000000E0
8.262772918E0,5.000000000E0