"Time (s)","Distance (cm)"
0.000000000E0,5.000000000E0
1.975672007E0,0.000000000E0
2.330078959E0,5.000000000E0