"Time (s)","Distance (cm)"
0.000000000E0,5.000000000E0
1.717906952E0,0.000000000E0
1.961719990E0,5.000000000E0