"Time (s)","Distance (cm)"
0.000000000E0,5.000000000E0
1.803001046E0,0.000000000E0
2.071696043E0,5.000000000E0