"Time (s)","Distance (cm)"
0.000000000E0,5.000000000E0
2.220832109E0,0.000000000E0
2.364798069E0,5.000000000E0