"Time (s)","Distance (cm)"
0.000000000E0,5.000000000E0
2.472936988E0,0.000000000E0
2.639958024E0,5.000000000E0