"Time (s)","Distance (cm)"
0.000000000E0,5.000000000E0
5.113241911E0,0.000000000E0
5.258580923E0,5.000000000E0