"Time (s)","Distance (cm)"
0.000000000E0,5.000000000E0
1.602041960E0,0.000000000E0
1.815048933E0,5.000000000E0