"Time (s)","Distance (cm)"
0.000000000E0,5.000000000E0
2.127501965E0,0.000000000E0
7.215566039E0,5.000000000E0