"Time (s)","Distance (cm)"
0.000000000E0,5.000000000E0
2.578586102E0,0.000000000E0
2.711204052E0,5.000000000E0