"Time (s)","Distance (cm)"
0.000000000E0,5.000000000E0
2.213494062E0,0.000000000E0
2.341729045E0,5.000000000E0