"Time (s)","Distance (cm)"
0.000000000E0,5.000000000E0
8.567981005E0,0.000000000E0
8.669559956E0,5.000000000E0