"Time (s)","Distance (cm)"
0.000000000E0,5.000000000E0
2.416923046E0,0.000000000E0
2.585242987E0,5.000000000E0