"Time (s)","Distance (cm)"
0.000000000E0,5.000000000E0
2.723324060E0,0.000000000E0
2.837320089E0,5.000000000E0