"Time (s)","Distance (cm)"
0.000000000E0,5.000000000E0
5.524779081E0,0.000000000E0
5.659721971E0,5.000000000E0